site,notes,id,type,population,agohet,avefat,brohor,bromad,callut,calpau,cenmel,clagra,cuscal,diccap,epibra,hemcon,horbra,lacsal,lacser,lascal,lepnit,linbic,lolmul,lothum,lotwra,medicago,micdou,mullen,navjep,phlgra,plaere,poasec,taecap,trialb,tribif,trifuc,vulmic,vulmyr,dissected
6,,1,lambda,red,0,0,3,0,0,0,0,0,0,1,0,0,0,0,0,0,0,0,0,0,0,0,0,0,0,0,3,0,0,0,0,0,0,0,0
6,,2,lambda,green,0,0,5,0,0,0,0,0,0,0,0,1,0,0,0,0,0,0,0,0,2,0,0,0,0,0,2,0,0,0,0,0,2,0,0
6,,3,lambda,green,0,0,1,0,0,0,0,0,0,0,0,2,0,0,0,0,0,0,0,0,1,0,0,0,0,0,2,0,0,0,0,0,2,0,0
6,,4,lambda,grey,0,0,2,0,0,0,0,0,0,0,0,2,0,0,0,0,0,0,0,0,1,0,0,0,0,0,1,0,0,0,0,0,0,0,0
6,,5,lambda,yellow,0,0,0,0,0,0,0,0,0,0,0,2,0,0,0,0,0,0,0,0,3,0,0,0,0,0,2,0,0,0,0,0,0,0,0
6,,6,lambda,red,0,0,0,0,0,0,0,0,0,0,0,0,0,0,0,0,0,0,0,0,0,0,0,0,0,0,0,0,0,0,0,0,1,0,0
6,,7,lambda,green,0,0,0,0,0,0,0,0,0,0,0,0,0,0,0,0,0,0,0,0,0,0,0,0,0,0,0,0,0,0,0,0,0,0,0
6,,8,lambda,green,0,0,1,0,0,0,0,0,0,0,0,0,0,0,0,0,0,0,0,0,0,0,0,0,0,0,0,0,0,0,0,0,2,0,0
6,,9,lambda,grey,0,0,0,0,0,0,0,0,0,0,0,0,0,0,0,0,0,0,0,0,0,0,0,0,0,0,0,0,0,0,0,0,1,0,0
6,,10,lambda,yellow,0,0,2,0,0,0,0,1,0,0,0,1,0,0,0,0,0,0,0,0,2,0,0,0,0,0,1,0,0,0,0,0,0,0,0
6,,11,lambda,grey,0,0,9,0,0,0,0,0,0,0,0,2,0,0,0,0,0,0,0,0,0,0,0,0,0,0,0,0,0,0,0,0,3,0,0
6,,12,lambda,red,0,0,0,0,0,0,0,0,0,0,0,0,0,0,0,0,0,0,0,0,0,0,0,0,0,0,0,0,0,0,0,0,1,0,0
6,,13,lambda,red,0,0,1,0,0,0,1,0,0,0,0,0,0,0,0,0,0,0,0,0,0,0,0,0,0,0,0,0,0,0,0,0,0,0,0
6,,14,lambda,yellow,0,0,1,0,0,0,1,0,0,0,0,0,0,0,0,0,0,0,0,0,0,0,0,0,0,0,0,0,0,0,0,0,1,0,0
6,,15,lambda,green,0,0,0,0,0,0,0,0,0,0,0,0,0,0,0,0,0,0,0,0,0,0,0,0,0,0,0,0,0,0,0,0,1,0,0
6,,16,lambda,green,0,0,0,0,0,0,0,0,0,0,0,1,0,0,1,0,0,0,0,0,0,0,0,0,0,0,0,0,0,0,0,0,0,0,0
6,,17,lambda,green,0,0,1,0,0,0,0,0,0,0,0,0,0,0,0,0,0,0,0,0,1,0,0,0,0,0,0,0,0,0,0,0,0,0,0
6,,18,lambda,grey,0,0,1,0,0,0,0,0,0,0,0,0,0,0,0,0,0,0,0,0,1,0,0,0,0,0,0,0,0,0,0,0,0,0,0
6,,19,lambda,grey,0,0,0,0,0,0,0,0,0,0,0,1,0,0,0,0,0,0,0,0,1,0,0,0,0,0,0,0,0,0,0,0,1,0,0
6,,20,lambda,grey,0,0,0,0,0,0,0,0,0,0,0,0,0,0,0,0,0,0,0,0,2,0,0,0,0,0,1,0,0,0,0,0,8,0,0
6,,21,lambda,yellow,0,0,0,0,0,0,0,0,0,0,0,1,0,0,0,0,0,0,0,0,2,0,0,0,0,0,0,0,0,0,0,0,0,0,0
6,,22,lambda,yellow,0,0,0,0,0,0,0,0,0,1,0,0,0,0,0,0,0,0,0,0,0,0,0,0,0,0,0,0,0,0,0,0,2,0,0
6,,23,lambda,yellow,0,0,5,0,0,0,0,0,0,0,0,1,0,0,0,0,0,0,0,0,1,0,0,0,0,0,1,0,0,0,0,0,0,0,0
6,,24,lambda,red,0,0,1,0,0,0,0,0,0,0,0,0,0,0,0,0,0,0,0,0,0,0,0,0,0,0,1,0,0,0,0,0,1,0,0
6,,25,lambda,green,0,0,2,0,0,0,0,0,0,0,0,3,0,0,0,0,0,0,0,0,1,0,0,0,1,0,0,0,0,0,1,0,0,0,0
6,,26,lambda,green,0,0,0,0,0,0,0,0,0,0,0,3,0,0,0,0,0,0,0,0,0,0,0,0,0,0,2,0,0,0,0,0,0,0,0
6,,27,lambda,grey,0,0,2,0,0,0,0,0,0,0,0,3,0,0,0,0,0,0,0,0,0,0,0,0,0,0,2,0,0,0,0,0,2,0,0
6,,28,lambda,grey,0,0,1,0,0,0,0,0,0,0,0,1,0,0,0,0,0,0,0,0,0,0,0,0,0,0,0,0,0,0,0,0,0,0,0
6,,29,lambda,green,0,0,0,0,0,0,0,0,0,0,0,1,0,0,0,0,0,0,0,0,1,0,0,1,0,0,0,0,0,0,0,0,0,0,0
6,,30,lambda,grey,0,0,5,0,0,0,0,0,0,0,0,1,0,0,0,0,0,0,0,0,1,0,0,0,0,0,0,0,0,0,0,0,2,0,0
6,,31,lambda,yellow,0,1,2,0,0,0,0,0,0,0,0,3,0,0,0,0,0,0,0,0,0,0,0,0,0,0,1,0,0,0,0,0,2,0,0
6,,32,lambda,yellow,0,0,3,0,0,0,0,0,0,0,0,1,0,0,0,0,0,0,0,0,0,0,0,0,0,0,5,0,0,0,0,0,1,0,0
6,,33,lambda,yellow,0,0,3,0,0,0,0,0,0,0,0,0,0,0,0,0,0,0,0,0,2,0,0,0,0,0,2,0,0,0,0,0,3,0,0
6,,34,lambda,red,0,0,3,0,0,0,0,0,0,0,0,1,0,0,0,0,0,0,0,0,1,0,0,0,0,0,0,0,0,0,0,0,1,0,0
6,,35,lambda,red,0,0,3,0,0,0,0,0,0,0,0,2,0,0,0,0,0,0,0,0,0,0,0,0,1,0,1,0,0,0,0,0,2,0,0
6,,36,lambda,green,0,1,9,0,0,0,0,0,0,0,0,7,0,0,0,0,0,0,0,0,0,0,0,0,0,0,4,0,0,0,0,0,10,0,0
6,,37,lambda,green,0,0,9,0,0,0,0,0,0,0,0,1,0,0,0,0,0,0,0,0,1,0,0,0,0,0,3,0,0,0,0,0,2,0,0
6,,38,lambda,green,0,0,4,0,0,0,0,0,0,0,0,0,0,0,0,0,0,0,0,0,0,0,0,0,0,0,1,0,0,0,0,0,1,0,0
6,,39,lambda,grey,0,1,3,0,0,0,0,0,0,0,0,1,0,0,0,0,0,0,0,0,1,0,0,0,0,0,1,0,0,0,0,0,8,0,0
6,,40,lambda,grey,0,1,4,0,0,0,0,0,0,0,0,2,0,0,0,0,0,0,0,0,0,0,0,0,0,0,1,0,0,0,0,0,6,0,0
6,,41,lambda,yellow,0,0,2,0,0,0,0,0,0,2,0,0,0,0,0,0,0,0,1,0,1,0,0,0,0,0,2,0,0,0,0,0,0,0,0
6,,42,lambda,green,0,0,2,0,0,0,0,0,0,0,0,0,0,0,0,0,0,0,1,0,1,0,0,0,0,0,1,0,0,0,0,0,2,0,0
6,,43,lambda,red,0,0,3,0,0,0,0,0,0,0,0,3,0,0,0,0,0,0,2,0,0,0,0,0,0,0,1,0,0,0,0,0,1,0,0
6,,44,lambda,red,0,0,1,0,1,0,0,1,0,0,0,0,0,0,0,0,0,0,0,0,1,0,0,0,0,0,1,0,0,0,0,0,2,0,0
6,,45,lambda,grey,0,0,6,0,0,1,0,0,0,0,0,1,0,0,0,0,0,0,2,0,0,0,0,0,0,0,1,0,0,0,0,0,3,0,2
6,,46,lambda,green,0,0,0,0,0,0,0,0,0,1,0,1,0,0,0,0,0,0,0,0,0,0,0,0,0,0,0,0,0,0,0,0,1,0,0
6,,47,lambda,yellow,0,0,2,0,0,0,0,0,0,3,0,0,0,0,0,0,0,0,0,0,0,0,0,0,0,0,0,0,0,0,0,0,3,0,0
6,,48,lambda,grey,0,0,10,0,0,0,0,0,0,0,0,2,0,0,0,0,0,0,0,0,0,0,0,0,0,0,0,0,0,0,0,0,6,0,0
6,,49,lambda,red,0,0,5,0,0,0,0,0,0,0,0,1,0,0,0,0,0,0,3,0,1,0,0,0,0,0,2,0,0,0,0,0,5,0,0
6,,50,lambda,yellow,0,0,3,0,0,0,0,0,0,0,0,0,0,0,0,0,0,0,2,0,0,0,0,0,0,0,1,0,0,0,0,0,3,0,0
6,,51,lambda,grey,0,0,3,0,0,0,0,0,0,0,0,0,0,0,0,0,0,0,2,0,1,0,0,0,0,0,0,0,0,0,0,0,3,0,0
6,,52,lambda,red,0,0,7,0,0,0,0,0,0,0,0,1,0,0,0,0,0,0,3,0,1,0,0,0,0,0,2,0,0,0,0,0,10,0,0
6,,53,lambda,yellow,0,0,4,0,0,0,0,0,0,0,0,1,0,0,0,0,0,0,1,0,3,0,0,0,0,0,0,0,0,0,0,0,4,0,0
6,,54,lambda,green,0,0,1,0,0,0,0,0,0,0,0,0,0,0,0,0,0,0,0,0,2,0,0,0,0,0,0,0,0,0,0,0,0,0,0
6,,55,lambda,green,0,0,0,0,0,0,0,0,0,0,0,0,0,0,0,0,0,0,0,0,0,0,0,0,0,0,0,0,0,0,0,0,0,0,0
6,,56,lambda,red,0,0,2,0,0,0,0,0,0,0,0,2,0,0,0,0,0,0,1,0,0,0,0,0,0,0,1,0,0,0,0,0,5,0,0
6,,57,lambda,green,0,0,4,0,0,0,0,0,0,0,0,1,0,0,0,0,0,0,0,0,0,0,0,0,0,0,1,0,0,0,0,0,1,0,0
6,,58,lambda,grey,0,0,2,0,0,0,0,0,0,0,0,0,0,0,0,0,0,0,0,0,0,0,0,0,0,0,0,0,0,0,0,0,0,0,0
6,,59,lambda,grey,0,0,1,0,0,0,0,0,0,0,0,0,0,0,0,0,0,0,0,0,0,0,0,0,0,0,2,3,0,0,0,0,2,0,0
6,,60,lambda,grey,0,0,4,0,0,0,0,0,0,0,0,0,0,0,0,0,0,0,0,0,1,0,0,0,0,0,3,0,0,0,0,0,0,0,0
6,,61,lambda,yellow,0,2,4,0,0,0,0,0,0,0,0,4,0,0,0,0,0,0,0,0,3,0,0,0,0,0,0,0,0,0,0,0,3,0,0
6,,62,lambda,yellow,0,0,2,0,0,0,0,0,0,0,0,0,0,0,0,0,0,0,1,0,3,0,0,0,0,0,1,0,0,0,0,0,2,0,0
6,,63,lambda,green,0,0,2,0,0,0,0,0,0,0,0,1,0,0,0,0,0,0,1,0,0,0,0,0,0,0,0,0,0,0,0,0,2,0,0
6,,64,lambda,yellow,0,0,0,0,0,0,0,0,0,0,0,0,0,0,0,0,0,0,0,0,0,0,0,0,0,0,0,0,0,0,0,0,0,0,0
6,,65,lambda,red,0,0,0,0,0,0,0,0,0,1,0,0,0,0,0,0,0,0,0,0,0,0,0,0,0,0,1,0,0,0,0,0,1,0,0
6,,66,lambda,yellow,0,1,3,0,0,0,0,0,0,0,0,0,0,0,0,0,0,0,0,0,0,0,0,0,0,0,1,0,0,0,0,0,5,0,0
6,,67,lambda,red,0,0,1,0,0,0,0,0,0,0,0,0,0,0,0,0,0,0,0,0,0,0,0,0,0,0,0,0,0,0,0,0,1,0,0
6,,68,lambda,grey,0,0,2,0,0,0,0,0,0,0,0,1,0,0,0,0,0,0,0,0,0,0,0,0,0,0,4,0,0,0,0,0,1,0,0
6,,69,lambda,red,0,0,2,0,0,0,0,0,0,0,0,0,0,0,0,0,0,0,0,0,0,0,0,0,0,0,1,0,0,0,0,0,0,0,0
6,,70,lambda,red,0,0,2,0,0,0,0,0,0,0,0,3,0,0,0,0,0,0,0,0,2,0,0,0,0,0,1,0,0,0,0,0,4,0,0
6,missing completely,71,lambda,NA,NA,NA,NA,NA,NA,NA,NA,NA,NA,NA,NA,NA,NA,NA,NA,NA,NA,NA,NA,NA,NA,NA,NA,NA,NA,NA,NA,0,NA,NA,NA,NA,NA,NA,NA
6,,72,lambda,yellow,0,1,3,0,0,0,0,0,0,0,0,2,0,0,0,0,0,0,3,0,4,0,0,0,0,0,0,0,0,0,0,0,0,0,0
6,,73,lambda,grey,0,0,2,0,0,0,0,3,0,0,0,2,0,0,0,0,0,0,0,0,3,0,0,0,0,0,3,0,0,0,0,0,3,0,0
,,74,lambda,NA,NA,NA,NA,NA,NA,NA,NA,NA,NA,NA,NA,NA,NA,NA,NA,NA,NA,NA,NA,NA,NA,NA,NA,NA,NA,NA,NA,NA,NA,NA,NA,NA,NA,NA,NA
,,75,lambda,NA,NA,NA,NA,NA,NA,NA,NA,NA,NA,NA,NA,NA,NA,NA,NA,NA,NA,NA,NA,NA,NA,NA,NA,NA,NA,NA,NA,NA,NA,NA,NA,NA,NA,NA,NA
,,76,lambda,NA,NA,NA,NA,NA,NA,NA,NA,NA,NA,NA,NA,NA,NA,NA,NA,NA,NA,NA,NA,NA,NA,NA,NA,NA,NA,NA,NA,NA,NA,NA,NA,NA,NA,NA,NA
,,77,lambda,NA,NA,NA,NA,NA,NA,NA,NA,NA,NA,NA,NA,NA,NA,NA,NA,NA,NA,NA,NA,NA,NA,NA,NA,NA,NA,NA,NA,NA,NA,NA,NA,NA,NA,NA,NA
,,78,lambda,NA,NA,NA,NA,NA,NA,NA,NA,NA,NA,NA,NA,NA,NA,NA,NA,NA,NA,NA,NA,NA,NA,NA,NA,NA,NA,NA,NA,NA,NA,NA,NA,NA,NA,NA,NA
,,79,lambda,NA,NA,NA,NA,NA,NA,NA,NA,NA,NA,NA,NA,NA,NA,NA,NA,NA,NA,NA,NA,NA,NA,NA,NA,NA,NA,NA,NA,NA,NA,NA,NA,NA,NA,NA,NA
,,80,lambda,NA,NA,NA,NA,NA,NA,NA,NA,NA,NA,NA,NA,NA,NA,NA,NA,NA,NA,NA,NA,NA,NA,NA,NA,NA,NA,NA,NA,NA,NA,NA,NA,NA,NA,NA,NA
6,,81,alpha,green,0,0,13,0,0,0,0,9,0,0,0,1,0,0,0,0,4,0,0,0,1,0,0,0,0,0,4,0,0,0,0,0,19,0,0
6,,82,alpha,green,0,0,18,0,0,0,0,1,0,0,0,4,0,0,0,0,0,0,0,0,1,0,0,0,0,0,19,0,0,0,0,0,8,0,0
6,,83,alpha,green,0,0,5,0,0,0,0,6,0,0,0,3,0,0,0,0,0,0,0,0,0,0,0,0,0,0,10,0,0,0,0,0,10,0,0
6,,84,alpha,grey,0,0,23,0,0,0,0,6,0,1,0,2,0,0,0,0,0,0,0,0,1,0,0,0,0,0,9,0,0,0,0,0,12,0,0
6,,85,alpha,grey,0,0,13,0,0,0,0,9,0,0,0,2,0,0,0,0,0,0,0,0,3,0,0,0,0,0,3,0,0,0,3,0,5,0,0
6,,86,alpha,grey,0,0,16,0,0,0,0,13,0,0,0,1,0,0,0,0,1,0,0,0,0,0,0,0,0,0,8,0,0,0,2,0,2,0,0
6,,87,alpha,yellow,1,0,34,0,0,0,0,12,0,0,0,3,0,0,0,0,1,0,0,0,0,0,0,0,0,0,15,0,0,0,0,0,14,0,0
6,,88,alpha,yellow,0,0,21,0,0,0,0,16,0,0,0,1,0,0,0,0,0,0,0,0,1,0,0,0,0,0,13,0,0,0,3,0,9,0,0
6,,89,alpha,yellow,0,0,14,0,0,0,0,12,0,0,0,1,0,0,0,0,0,0,0,0,0,0,0,0,0,0,16,0,0,0,0,0,7,0,0
6,,90,alpha,red,0,0,40,0,0,0,0,16,0,0,0,1,0,0,0,0,0,0,0,0,0,0,0,0,0,0,12,0,0,0,1,0,1,0,0
6,,91,alpha,red,0,0,38,0,0,0,0,1,0,0,0,2,0,0,0,0,0,0,0,0,2,0,0,0,0,0,14,0,0,0,0,0,2,0,0
6,,92,alpha,red,0,0,50,0,0,0,0,7,0,0,0,0,0,0,0,0,0,0,0,0,1,0,0,0,0,0,3,0,0,0,4,0,7,0,0
6,,93,alpha,green,0,0,44,0,0,0,0,1,0,1,0,1,0,0,0,0,0,0,0,0,2,0,0,0,0,0,7,0,0,0,0,0,12,0,0
6,,94,alpha,green,0,0,24,0,0,0,0,1,0,0,0,2,0,0,0,0,0,0,0,0,3,0,0,0,0,0,9,0,0,0,0,0,12,0,0
6,,95,alpha,green,0,0,20,0,0,2,0,1,0,0,0,2,0,0,0,0,0,0,0,0,3,0,0,0,0,0,7,0,0,0,0,0,34,0,0
6,,96,alpha,yellow,0,0,21,0,0,0,0,1,0,0,0,1,0,0,0,0,0,0,0,0,0,0,0,0,0,0,12,0,0,0,0,0,9,0,0
6,,97,alpha,yellow,0,0,11,0,0,2,0,2,0,0,0,4,0,0,0,0,0,0,0,0,2,0,0,0,0,0,11,0,0,0,0,0,14,0,0
6,,98,alpha,yellow,0,0,33,0,0,1,0,1,0,0,0,0,0,0,0,0,0,0,0,0,0,0,0,0,0,0,9,0,0,0,0,0,18,0,0
6,,99,alpha,red,0,0,11,0,0,0,0,10,0,0,0,0,0,0,0,0,0,0,0,0,0,0,0,0,0,0,17,0,0,0,1,0,18,0,0
6,,100,alpha,green,0,0,28,0,0,0,0,6,0,0,0,6,0,0,0,0,0,0,0,0,0,0,0,0,0,0,8,0,0,0,0,0,10,0,0
6,,101,alpha,green,0,0,24,0,0,0,0,1,0,0,0,4,0,0,0,0,0,0,0,0,2,0,0,0,0,0,12,0,0,0,2,0,20,0,0
6,,102,alpha,green,0,0,45,0,0,1,0,0,0,0,0,0,0,0,0,0,0,0,0,0,0,0,0,0,0,0,7,0,0,0,0,0,19,0,0
6,,103,alpha,grey,0,0,23,0,0,1,0,0,0,0,0,3,0,0,0,0,0,0,0,0,0,0,0,0,0,0,4,0,0,0,1,0,3,0,0
6,,104,alpha,grey,1,0,14,0,0,0,0,5,0,0,0,0,0,0,0,0,0,0,0,0,0,0,0,0,0,0,8,0,0,0,0,0,13,0,0
6,,105,alpha,grey,0,0,35,0,0,0,0,2,0,0,0,2,0,0,0,0,0,0,0,0,0,0,0,0,0,0,4,0,0,0,0,0,14,0,0
6,,106,alpha,yellow,0,0,7,0,0,0,0,18,0,0,0,1,0,0,0,0,0,0,0,0,1,0,0,0,0,0,3,0,0,0,0,0,10,0,0
6,,107,alpha,yellow,1,0,5,0,0,0,0,9,0,0,0,1,0,0,0,0,0,0,0,0,0,0,0,0,0,0,7,0,0,0,0,0,10,0,0
6,,108,alpha,yellow,1,0,4,0,0,4,0,4,0,0,0,0,0,0,0,0,0,0,0,0,1,0,0,0,0,0,4,0,0,0,0,0,6,0,0
6,,109,alpha,red,0,0,21,0,0,0,0,8,0,0,0,0,0,0,0,0,0,0,0,0,0,0,0,0,0,0,2,0,0,0,0,0,11,0,0
6,,110,alpha,red,0,0,9,0,0,0,0,0,0,0,0,1,0,0,0,0,0,0,0,0,0,0,0,0,0,0,5,0,0,0,0,0,29,0,0
6,,111,alpha,red,0,0,9,0,0,0,0,0,0,0,0,3,0,0,0,0,0,0,0,0,2,0,0,0,0,0,8,0,0,0,2,0,23,0,0
6,,112,alpha,green,1,0,27,0,0,1,0,3,0,0,0,0,0,0,0,0,0,0,0,0,0,0,0,0,0,0,3,0,0,0,0,0,22,0,0
6,,113,alpha,green,0,0,15,0,0,0,0,1,0,0,0,2,0,0,0,0,0,0,0,0,3,0,0,0,0,0,6,0,0,0,0,0,31,0,0
6,,114,alpha,green,0,0,10,0,0,0,0,0,0,0,0,1,0,0,0,0,6,0,0,0,2,0,0,0,0,0,3,0,0,0,0,0,44,0,0
6,,115,alpha,grey,0,0,19,0,0,0,0,4,0,0,0,1,0,0,0,0,0,0,0,0,1,0,0,0,0,0,0,0,0,0,3,0,24,0,0
6,,116,alpha,grey,0,0,10,0,0,1,0,4,0,0,0,2,0,0,0,0,0,0,0,0,0,0,0,0,0,0,4,0,0,0,1,0,20,0,0
6,,117,alpha,grey,0,0,5,0,0,0,0,2,0,0,0,2,0,0,0,0,0,0,0,0,0,0,0,0,0,0,5,0,0,0,1,0,22,0,0
6,missing some values,118,alpha,yellow,NA,NA,NA,NA,NA,NA,NA,NA,NA,NA,NA,NA,NA,NA,NA,NA,NA,NA,NA,NA,NA,NA,NA,NA,NA,NA,NA,NA,NA,NA,NA,NA,NA,NA,NA
6,,119,alpha,yellow,0,0,5,0,0,1,0,2,0,1,0,2,0,0,0,0,0,0,0,0,1,0,0,0,0,0,7,0,0,0,0,0,19,0,0
6,,120,alpha,yellow,0,0,5,0,0,0,0,0,0,0,0,1,0,0,0,0,0,0,0,0,0,0,0,0,0,0,2,0,0,0,0,0,19,0,0
6,,121,alpha,red,0,0,13,0,0,0,0,10,0,0,0,1,0,0,0,0,0,0,0,0,0,0,0,0,0,0,8,0,0,0,0,0,9,0,0
6,,122,alpha,red,0,0,11,0,0,0,0,3,0,0,0,2,0,0,0,0,0,0,0,0,0,0,0,0,0,0,1,0,0,0,0,0,15,0,0
6,,123,alpha,red,0,0,10,0,0,0,0,0,0,0,0,1,0,0,0,0,0,0,0,0,0,0,0,0,0,0,0,0,0,0,1,0,13,0,0
6,,124,alpha,green,NA,NA,NA,0,NA,NA,NA,NA,NA,NA,NA,NA,NA,NA,NA,NA,NA,NA,NA,NA,NA,NA,NA,NA,NA,NA,NA,0,NA,NA,NA,NA,NA,NA,NA
6,,125,alpha,green,NA,NA,NA,0,NA,NA,NA,NA,NA,NA,NA,NA,NA,NA,NA,NA,NA,NA,NA,NA,NA,NA,NA,NA,NA,NA,NA,0,NA,NA,NA,NA,NA,NA,NA
6,,126,alpha,green,0,0,25,0,0,0,0,0,0,0,0,0,0,0,0,0,1,0,0,0,0,0,0,0,0,0,2,0,0,0,2,0,8,0,0
6,,127,alpha,grey,0,1,7,0,0,3,0,0,0,0,0,0,0,0,0,0,0,0,0,0,1,0,0,0,0,0,18,0,0,0,0,0,8,0,0
6,,128,alpha,grey,0,0,23,0,0,0,0,2,0,0,0,1,0,0,0,0,0,0,0,0,0,0,0,0,0,0,23,0,0,0,0,0,10,0,0
6,,129,alpha,grey,0,0,14,0,0,0,0,6,0,0,0,1,0,0,0,0,0,0,0,0,0,0,0,0,0,0,27,0,0,0,0,0,5,0,0
6,missing some values,130,alpha,yellow,NA,NA,NA,NA,NA,NA,NA,NA,NA,NA,NA,NA,NA,NA,NA,NA,NA,NA,NA,NA,NA,NA,NA,NA,NA,NA,NA,NA,NA,NA,NA,NA,NA,NA,NA
6,missing some values,131,alpha,yellow,NA,NA,NA,NA,NA,NA,NA,NA,NA,NA,NA,NA,NA,NA,NA,NA,NA,NA,NA,NA,NA,NA,NA,NA,NA,NA,NA,NA,NA,NA,NA,NA,NA,NA,NA
6,missing some values,132,alpha,yellow,NA,NA,NA,NA,NA,NA,NA,NA,NA,NA,NA,NA,NA,NA,NA,NA,NA,NA,NA,NA,NA,NA,NA,NA,NA,NA,NA,NA,NA,NA,NA,NA,NA,NA,NA
6,missing some values,133,alpha,red,NA,NA,NA,NA,NA,NA,NA,NA,NA,NA,NA,NA,NA,NA,NA,NA,NA,NA,NA,NA,NA,NA,NA,NA,NA,NA,NA,NA,NA,NA,NA,NA,NA,NA,NA
6,missing some values,134,alpha,red,NA,NA,NA,NA,NA,NA,NA,NA,NA,NA,NA,NA,NA,NA,NA,NA,NA,NA,NA,NA,NA,NA,NA,NA,NA,NA,NA,NA,NA,NA,NA,NA,NA,NA,NA
6,missing some values,135,alpha,red,NA,NA,NA,NA,NA,NA,NA,NA,NA,NA,NA,NA,NA,NA,NA,NA,NA,NA,NA,NA,NA,NA,NA,NA,NA,NA,NA,NA,NA,NA,NA,NA,NA,NA,NA
6,,136,alpha,green,0,0,52,1,0,1,0,6,0,0,0,1,0,0,0,0,0,0,0,0,5,0,0,0,0,0,5,0,0,0,0,0,0,0,0
6,missing some values,137,alpha,green,NA,NA,NA,NA,NA,NA,NA,NA,NA,NA,NA,NA,NA,NA,NA,NA,NA,NA,NA,NA,NA,NA,NA,NA,NA,NA,NA,NA,NA,NA,NA,NA,NA,NA,NA
6,missing some values,138,alpha,green,NA,NA,NA,NA,NA,NA,NA,NA,NA,NA,NA,NA,NA,NA,NA,NA,NA,NA,NA,NA,NA,NA,NA,NA,NA,NA,NA,NA,NA,NA,NA,NA,NA,NA,NA
6,,139,alpha,grey,0,0,13,0,0,0,0,7,0,0,0,1,0,0,0,0,0,0,2,0,2,0,0,0,0,0,9,0,0,0,1,0,12,0,0
6,missing some values,140,alpha,grey,NA,NA,NA,NA,NA,NA,NA,NA,NA,NA,NA,NA,NA,NA,NA,NA,NA,NA,NA,NA,NA,NA,NA,NA,NA,NA,NA,NA,NA,NA,NA,NA,NA,NA,NA
6,missing some values,141,alpha,grey,NA,NA,NA,NA,NA,NA,NA,NA,NA,NA,NA,NA,NA,NA,NA,NA,NA,NA,NA,NA,NA,NA,NA,NA,NA,NA,NA,NA,NA,NA,NA,NA,NA,NA,NA
6,,142,alpha,yellow,0,0,26,0,0,0,0,33,0,0,0,1,0,0,0,0,0,0,1,0,4,0,0,0,0,0,6,0,0,0,0,0,1,0,0
6,,143,alpha,yellow,0,1,22,0,0,2,0,0,0,0,0,1,0,0,0,0,0,0,11,0,2,0,0,0,0,0,5,0,0,0,0,0,2,0,0
6,,144,alpha,yellow,0,0,9,0,0,0,0,15,0,0,0,0,0,0,0,0,0,0,0,0,2,0,0,0,0,0,0,0,0,0,0,1,0,0,0
6,,145,alpha,red,0,0,14,0,0,2,0,12,0,0,0,2,0,0,0,0,0,0,0,0,4,0,0,0,0,0,6,0,0,0,0,0,2,0,0
6,,146,alpha,red,0,1,0,0,0,2,0,2,0,0,0,2,0,0,0,0,0,0,4,0,1,0,0,0,0,0,7,0,0,0,0,0,3,0,0
6,missing some values,147,alpha,red,NA,NA,NA,NA,NA,NA,NA,NA,NA,NA,NA,NA,NA,NA,NA,NA,NA,NA,NA,NA,NA,NA,NA,NA,NA,NA,NA,NA,NA,NA,NA,NA,NA,NA,NA
6,,148,alpha,green,0,0,16,0,0,0,0,6,0,0,0,2,0,0,0,0,0,0,0,0,1,0,0,0,0,0,0,0,0,0,0,0,1,0,0
6,,149,alpha,green,0,0,34,0,0,1,0,4,0,0,0,8,0,0,0,0,0,0,1,0,5,0,0,0,0,0,2,0,0,0,0,0,2,0,0
6,,150,alpha,green,1,1,19,0,0,2,0,0,0,0,0,1,0,0,0,0,0,0,4,0,2,0,0,0,0,0,20,0,0,0,0,0,4,0,0
6,,151,alpha,grey,0,0,43,0,0,0,0,21,0,0,0,2,0,0,0,0,0,0,0,0,2,0,0,0,0,0,2,0,0,0,0,0,1,0,0
6,,152,alpha,grey,0,0,60,0,0,1,0,1,0,0,0,1,0,0,0,0,0,0,1,0,1,0,0,0,0,0,0,0,0,0,0,0,4,0,0
6,,153,alpha,grey,0,0,31,0,0,0,0,4,0,0,0,1,0,0,0,0,0,0,0,0,2,0,0,0,0,0,1,0,0,0,0,0,1,0,0
6,,154,alpha,yellow,0,0,33,0,0,1,0,6,0,0,0,2,0,1,0,0,0,0,0,0,2,0,0,0,0,0,7,0,0,0,0,0,1,0,0
6,,155,alpha,yellow,0,0,48,0,0,0,0,3,0,0,0,0,0,0,0,0,0,0,0,0,7,0,0,0,0,0,10,0,0,0,0,0,9,0,0
6,,156,alpha,yellow,1,0,80,0,0,1,0,10,0,0,0,1,0,0,0,0,0,0,0,0,8,0,0,0,0,0,6,0,0,0,0,0,4,0,0
6,,157,alpha,red,0,0,16,0,0,0,0,5,0,0,0,0,0,0,0,0,0,0,0,0,1,0,0,0,0,0,1,0,0,0,0,0,3,0,0
6,,158,alpha,red,0,0,40,0,0,1,0,9,0,0,0,4,0,0,0,0,0,0,0,0,1,0,0,0,0,0,1,0,0,0,0,0,3,0,0
6,,159,alpha,red,0,0,16,0,0,0,0,2,0,0,0,0,0,0,0,0,0,0,0,0,6,0,0,0,0,0,2,0,0,0,1,0,2,0,0
6,,160,alpha,green,0,0,32,1,0,1,0,5,0,0,2,9,0,0,0,0,0,0,0,0,3,0,0,0,0,0,1,0,0,0,2,0,3,0,0
6,,161,alpha,green,0,0,29,1,0,1,0,4,0,0,0,2,0,0,0,0,0,0,5,0,8,0,0,0,0,0,2,0,0,0,0,0,2,0,0
6,,162,alpha,green,0,0,14,0,0,1,0,5,0,0,0,2,0,0,0,0,0,0,0,0,6,0,0,0,0,0,4,0,0,0,0,0,6,0,0
6,,163,alpha,grey,0,0,13,0,0,0,0,13,0,1,0,0,0,0,0,0,0,0,4,0,2,0,0,0,0,0,5,0,0,0,0,0,3,0,0
6,,164,alpha,grey,0,0,22,0,0,0,0,13,0,0,0,1,0,0,0,0,0,0,0,0,5,0,0,0,0,0,1,0,0,0,0,0,3,0,0
6,,165,alpha,grey,0,0,2,0,0,0,0,10,0,0,0,3,0,0,0,0,0,0,0,0,1,0,0,0,0,0,1,0,0,0,0,0,3,0,0
6,,166,alpha,green,0,0,29,0,0,1,0,1,0,0,0,1,0,0,0,0,0,0,5,0,1,0,0,0,0,0,2,0,0,0,0,0,4,0,0
6,,167,alpha,red,0,0,14,0,0,0,0,2,0,0,0,2,0,0,0,0,0,0,0,0,0,0,0,0,0,0,6,0,0,0,0,0,23,0,0
6,,168,alpha,red,0,0,38,0,0,1,0,0,0,3,0,1,0,0,0,0,0,0,0,0,0,0,0,0,0,0,16,0,0,0,0,0,14,0,0
6,,169,alpha,grey,0,0,21,0,0,0,0,24,0,0,0,5,0,0,0,0,0,0,1,0,4,0,0,0,0,0,1,0,0,0,0,0,9,0,0
6,,170,alpha,grey,0,0,46,0,0,0,0,17,0,0,0,3,0,0,0,0,0,0,2,0,1,0,0,0,0,0,3,0,0,0,1,0,0,0,0
6,,171,alpha,grey,0,0,34,0,0,0,0,8,0,0,1,1,0,0,0,0,0,0,3,0,1,0,0,0,0,0,1,0,0,0,0,0,0,0,0
6,,172,alpha,yellow,0,0,25,0,0,3,0,16,0,0,0,2,0,0,0,0,1,0,0,0,1,0,0,0,0,0,4,0,0,0,3,0,1,0,0
6,,173,alpha,yellow,0,0,24,0,0,2,0,10,0,0,0,4,0,0,0,0,0,0,1,0,2,0,0,0,0,0,0,0,0,0,1,0,0,0,0
6,,174,alpha,yellow,0,0,68,0,0,0,0,12,0,0,0,1,0,0,0,0,0,0,0,0,3,0,0,0,0,0,1,0,0,0,0,0,2,0,0
6,,175,alpha,red,0,0,34,0,0,0,0,12,0,0,0,2,0,0,0,0,0,0,1,0,0,0,0,1,0,0,4,0,0,0,0,0,1,0,0
6,,176,alpha,red,0,0,46,0,0,0,0,17,0,0,0,1,0,0,0,0,1,0,0,0,4,0,0,0,0,0,0,0,0,0,1,0,0,0,0
6,,177,alpha,red,0,0,90,0,0,0,0,10,0,0,0,4,0,0,0,0,0,0,0,0,5,0,0,0,0,0,1,0,0,0,0,0,2,0,0
6,,178,alpha,green,0,0,42,0,0,0,0,12,0,0,0,2,0,0,0,0,1,0,0,0,0,0,0,0,0,0,4,0,0,0,3,0,0,0,0
6,,179,alpha,green,0,0,68,0,0,2,0,17,0,0,0,2,0,0,0,0,0,0,0,0,0,0,0,0,0,0,3,0,0,0,0,0,1,0,0
6,,180,alpha,green,0,0,34,0,0,0,0,8,0,0,0,1,0,0,0,0,0,0,0,0,1,0,0,0,0,0,0,0,0,0,0,0,3,0,0
6,,181,alpha,grey,0,0,86,0,0,2,0,6,0,0,0,5,0,0,0,0,1,0,0,0,4,0,0,0,0,0,2,0,0,0,0,0,0,0,0
6,,182,alpha,grey,0,0,74,0,0,10,0,5,0,0,0,3,0,0,0,0,1,0,0,0,1,0,0,0,0,0,0,0,0,0,0,0,0,0,0
6,,183,alpha,grey,0,0,58,0,0,7,0,3,0,0,0,5,0,0,0,0,0,0,0,0,0,0,0,0,0,0,2,0,0,0,0,0,0,0,0
6,,184,alpha,yellow,0,0,85,0,0,8,0,3,0,2,0,2,0,0,0,0,0,0,0,0,0,0,0,0,0,0,2,0,0,0,0,0,2,0,0
6,,185,alpha,yellow,0,0,70,0,0,9,0,3,0,0,0,2,0,0,0,0,0,0,0,0,0,0,0,0,0,0,3,0,0,0,0,0,3,0,0
6,,186,alpha,yellow,0,0,42,0,0,1,0,0,0,0,0,4,0,0,0,0,1,0,1,0,2,0,0,0,0,0,0,0,0,0,0,0,8,0,0
6,,187,alpha,red,0,0,60,0,0,5,0,5,0,0,0,3,0,0,0,0,3,0,0,0,0,0,0,0,0,0,4,0,0,0,0,0,4,0,0
6,,188,alpha,red,0,0,38,0,0,6,0,3,0,0,0,4,0,0,0,0,0,0,0,0,2,0,0,0,0,0,2,0,0,0,0,0,0,0,0
6,,189,alpha,red,0,0,57,0,0,0,0,26,0,0,0,4,0,0,0,0,2,0,0,0,0,0,0,0,0,0,2,0,0,0,0,0,5,0,0
6,,190,alpha,green,0,0,17,0,0,0,0,5,0,0,0,0,0,0,0,0,0,0,0,0,0,0,0,0,0,0,5,0,0,0,0,0,5,0,0
6,,191,alpha,green,0,0,25,0,0,2,0,3,0,0,0,2,0,0,0,0,0,0,0,0,0,0,0,0,0,0,8,0,0,0,0,0,0,0,0
6,,192,alpha,green,0,0,40,0,0,0,0,27,0,0,0,2,0,0,0,0,0,0,0,0,0,0,0,0,0,0,7,0,0,0,0,0,2,0,0
6,,193,alpha,grey,0,0,12,0,0,0,0,7,0,0,0,2,0,0,0,0,0,0,0,0,0,0,0,0,0,0,0,0,0,0,0,0,2,0,0
6,,194,alpha,grey,0,0,3,0,0,0,0,2,0,0,0,1,0,0,0,0,0,0,0,0,2,0,0,0,0,0,0,0,0,0,0,0,1,0,0
6,,195,alpha,grey,0,0,36,0,0,0,0,2,0,0,0,2,0,0,0,0,0,0,0,0,0,0,0,0,0,0,6,0,0,0,0,0,4,0,0
6,,196,alpha,yellow,0,0,42,0,0,0,0,4,0,0,0,0,0,0,0,0,0,0,0,0,0,0,0,0,0,0,1,0,0,0,0,0,8,0,0
6,,197,alpha,yellow,0,0,72,0,0,0,0,4,0,0,0,3,0,0,0,0,0,0,0,0,1,0,0,0,0,0,1,0,0,0,0,0,0,0,0
6,,198,alpha,yellow,0,0,13,0,0,0,0,9,0,0,0,1,0,0,0,0,0,0,0,0,1,0,0,0,0,0,0,0,0,0,0,0,3,0,0
6,,199,alpha,red,0,0,52,0,0,0,0,2,0,0,0,2,0,0,0,0,0,0,0,0,1,0,0,0,0,0,0,0,0,0,0,0,0,0,0
6,,200,alpha,red,0,0,21,0,0,0,0,6,0,0,0,0,0,0,0,0,0,0,0,0,1,0,0,0,0,0,0,0,0,0,0,0,12,0,0
6,,201,alpha,red,0,0,60,0,0,0,0,1,0,0,0,1,0,0,0,0,0,0,0,0,1,0,0,0,0,0,1,0,0,0,0,0,8,0,0
6,,202,alpha,green,0,0,54,0,0,0,0,1,0,0,0,3,0,0,0,0,0,0,0,0,3,0,0,0,0,0,4,0,0,0,0,0,11,0,0
6,,203,alpha,green,0,0,28,0,0,0,0,2,0,0,0,0,0,0,0,0,0,0,0,0,2,0,0,0,0,0,1,0,0,0,0,0,18,0,0
6,,204,alpha,green,0,0,34,0,0,0,0,1,0,0,0,1,0,0,0,0,0,0,0,0,0,0,0,0,0,0,2,0,0,0,0,0,17,0,0
6,,205,alpha,grey,0,0,39,0,0,0,0,1,0,0,0,4,0,0,0,0,0,0,0,0,6,0,0,0,0,0,3,0,0,0,0,0,1,0,0
6,,206,alpha,grey,0,0,20,0,0,0,0,8,0,0,0,3,0,0,0,0,0,0,0,0,1,0,0,0,0,0,7,0,0,0,0,0,3,0,0
6,,207,alpha,grey,0,0,7,0,0,0,0,0,0,0,0,3,0,0,0,0,0,0,0,0,0,0,0,0,0,0,13,0,0,0,0,0,10,0,0
6,,208,alpha,yellow,0,0,28,0,0,0,0,8,0,0,0,2,0,0,0,0,0,0,0,0,0,0,0,0,0,0,4,0,0,0,0,0,5,0,0
6,,209,alpha,yellow,0,0,26,0,0,0,0,1,0,0,0,2,0,0,0,0,0,0,0,0,3,0,0,0,0,0,4,0,0,0,0,0,7,0,0
6,,210,alpha,yellow,0,0,19,0,0,0,0,0,0,0,0,3,0,0,0,0,0,0,0,0,1,0,0,0,0,0,8,0,0,0,0,0,15,0,0
6,,211,alpha,red,0,0,0,0,0,0,0,0,0,0,0,3,0,0,0,0,0,0,0,0,2,0,0,0,0,0,3,0,0,0,0,0,0,0,0
6,,212,alpha,red,0,0,46,0,0,0,0,9,0,0,0,3,0,0,0,0,0,0,0,0,0,0,0,0,0,0,3,0,0,0,0,0,12,0,0
6,,213,alpha,red,0,0,31,0,0,0,0,0,0,0,0,4,0,0,0,0,0,0,0,0,2,0,0,0,0,0,8,0,0,0,0,0,12,0,0
6,,214,alpha,green,0,0,35,0,0,0,0,5,0,0,0,3,0,0,0,0,0,0,0,0,3,0,0,0,0,0,6,0,0,0,0,0,13,0,0
6,,215,alpha,green,0,0,18,0,0,0,0,0,0,0,0,4,0,0,0,0,0,0,0,0,0,0,0,0,0,0,1,0,0,0,0,0,4,0,0
6,,216,alpha,green,0,0,6,0,0,0,0,2,0,0,0,10,0,0,0,0,0,0,0,0,1,0,0,0,0,0,1,0,0,0,0,0,12,0,0
6,,217,alpha,grey,0,0,36,0,0,0,0,3,0,0,1,1,0,0,0,0,0,0,0,0,1,0,0,1,0,0,3,0,0,0,0,0,6,0,0
6,,218,alpha,grey,0,0,25,0,0,0,0,12,0,0,0,7,0,0,0,0,0,0,0,0,0,0,0,0,0,0,2,0,0,0,0,0,15,0,0
6,,219,alpha,grey,0,0,19,0,0,0,0,7,0,0,0,6,0,0,0,0,0,0,0,0,5,0,0,0,0,0,1,0,0,0,0,0,20,0,0
6,,220,alpha,yellow,0,0,15,0,0,0,0,4,0,0,0,3,0,0,0,0,0,0,0,0,1,0,0,1,0,0,0,0,0,0,0,0,10,0,0
6,,221,alpha,yellow,1,0,28,0,0,0,0,0,0,0,0,2,0,0,0,0,0,0,6,0,0,0,0,0,0,0,7,0,0,0,0,0,11,0,0
6,,222,alpha,yellow,1,0,18,0,0,1,0,2,0,0,0,2,0,0,0,0,2,0,5,0,5,0,0,0,0,0,9,0,0,0,0,0,8,0,0
6,,223,alpha,yellow,0,0,32,0,0,0,0,2,0,0,0,0,0,0,0,0,0,0,0,0,1,0,0,0,0,0,5,0,0,0,0,0,7,0,0
6,,224,alpha,red,0,0,30,0,0,0,0,3,0,0,0,7,0,0,0,0,0,0,2,0,0,0,0,0,1,0,3,0,0,0,0,0,7,0,0
6,,225,alpha,yellow,0,0,30,0,0,0,0,4,0,0,0,1,0,0,0,0,0,0,1,0,0,0,1,0,0,0,7,0,0,0,0,0,2,0,0
6,,226,alpha,green,0,0,19,0,0,1,0,1,0,0,0,1,0,0,0,0,1,0,2,0,5,0,0,0,0,0,5,0,0,0,0,0,2,0,0
6,,227,alpha,green,0,0,1,0,0,0,0,0,0,0,0,1,0,0,0,0,0,0,0,0,1,0,0,0,0,0,0,0,0,0,0,0,0,0,0
6,,228,alpha,red,0,0,10,0,0,1,0,2,0,0,0,7,0,0,0,0,0,0,0,0,1,0,0,0,0,0,1,0,0,0,0,1,8,0,0
6,,229,alpha,green,0,0,38,0,0,3,0,2,0,0,0,5,0,0,0,0,3,0,2,0,0,0,0,0,0,0,2,0,0,0,0,0,4,0,0
6,,230,alpha,grey,1,1,63,0,0,0,0,15,0,0,0,2,0,0,0,0,0,0,0,0,0,0,0,0,0,1,0,0,0,0,0,0,5,0,0
6,,231,alpha,red,0,0,12,0,0,0,0,0,0,0,0,5,0,0,0,0,0,0,1,0,0,0,0,0,0,0,0,0,0,0,0,0,0,0,0
6,,232,alpha,green,1,1,39,0,0,1,0,0,0,0,0,1,0,0,0,0,0,0,2,0,1,0,0,0,0,0,13,0,0,0,0,0,4,0,0
6,missing some values,233,alpha,green,NA,NA,NA,NA,NA,NA,NA,NA,NA,NA,NA,NA,NA,NA,NA,NA,NA,NA,NA,NA,NA,NA,NA,NA,NA,NA,NA,NA,NA,NA,NA,NA,NA,NA,NA
6,,234,alpha,grey,1,1,18,0,0,0,0,0,0,0,0,3,0,0,0,0,0,0,4,0,3,0,0,0,0,0,19,0,0,0,0,0,4,0,0
6,,235,alpha,grey,0,2,24,0,0,3,0,6,0,0,0,2,0,0,0,0,0,0,3,0,0,0,0,0,0,0,6,0,0,0,0,0,1,0,0
6,,236,alpha,yellow,0,2,11,0,0,2,0,1,0,0,0,0,0,0,0,0,0,0,0,0,0,0,0,0,0,0,0,0,0,0,0,0,9,0,0
6,,237,alpha,yellow,1,2,7,0,0,0,0,4,0,0,0,1,0,0,0,0,0,0,1,0,3,0,0,0,0,0,10,0,0,0,0,0,11,0,0
6,,238,alpha,red,1,1,26,0,0,1,0,2,0,0,0,1,0,0,0,0,0,0,3,0,1,0,0,1,0,0,4,0,0,0,0,0,4,0,0
6,,239,alpha,red,0,2,38,0,0,0,0,0,0,0,0,0,0,0,0,0,0,0,1,0,4,0,0,0,0,0,6,0,0,0,0,0,11,0,0
6,,240,alpha,green,0,3,64,0,0,2,0,1,0,0,0,1,0,0,0,0,0,0,4,0,0,0,0,0,0,0,9,0,0,0,0,0,3,0,0
6,,241,alpha,green,0,2,40,0,0,0,0,1,0,0,0,1,0,0,0,0,2,0,13,0,0,0,0,0,0,0,5,0,0,0,0,0,4,0,0
6,,242,alpha,grey,0,0,1,0,0,0,0,1,0,0,0,0,0,0,0,0,0,0,22,1,2,0,0,0,0,0,0,0,0,0,0,0,0,0,0
6,,243,alpha,grey,0,0,8,0,0,2,0,2,0,0,0,0,0,0,0,0,0,0,28,0,3,0,0,0,0,0,3,0,0,0,0,0,2,0,0
6,,244,alpha,yellow,0,3,6,0,0,0,0,5,0,0,0,0,0,0,0,0,0,0,3,0,0,0,0,0,0,0,1,0,0,0,0,0,2,0,0
6,,245,alpha,yellow,0,0,0,0,0,2,0,0,0,0,0,1,0,0,0,0,0,0,1,0,0,0,0,0,0,0,2,0,0,0,0,0,0,0,0
6,,246,alpha,green,0,2,34,0,0,2,0,7,0,0,0,0,0,0,0,0,0,0,2,0,1,0,0,0,0,0,5,0,0,0,0,0,2,0,0
6,,247,alpha,red,0,2,25,0,0,1,0,9,0,0,0,1,0,0,0,0,0,0,6,0,0,0,0,0,0,0,6,0,0,0,0,0,2,0,0
6,,248,alpha,yellow,0,0,6,0,0,0,0,0,0,0,5,3,0,0,0,0,0,0,10,0,2,0,0,0,0,0,4,0,0,0,3,0,14,0,0
6,,249,alpha,yellow,0,0,16,0,0,0,0,1,0,0,0,8,0,0,0,0,0,0,7,0,0,0,0,0,0,0,0,0,0,0,5,0,13,0,0
6,,250,alpha,grey,1,0,3,0,0,0,0,18,0,0,0,8,0,0,0,0,0,0,0,0,1,0,0,0,0,0,7,0,0,0,2,0,20,0,0
6,,251,alpha,red,0,0,12,0,0,0,0,6,0,0,1,4,0,0,0,0,0,0,4,0,0,0,0,0,0,0,6,0,0,0,3,0,19,0,0
6,,252,alpha,red,0,0,4,0,0,0,0,10,0,0,0,1,0,0,0,0,0,0,0,0,1,0,0,0,0,0,3,0,0,0,2,0,7,0,0
6,,253,alpha,green,0,0,22,0,0,0,0,3,0,0,0,3,0,0,0,0,0,0,5,0,1,0,0,0,0,0,10,0,0,0,2,0,7,0,0
6,,254,alpha,green,0,0,23,0,0,0,0,4,0,0,0,0,0,0,0,0,0,0,0,0,0,0,0,0,0,0,3,0,0,0,4,0,6,0,0
6,,255,alpha,grey,0,0,20,0,0,0,0,3,0,0,0,2,0,0,0,0,0,0,1,0,0,0,0,0,0,0,7,0,0,0,1,0,4,0,0
6,,256,alpha,grey,0,0,12,0,0,0,0,8,0,0,3,1,0,0,0,0,0,0,2,0,0,0,0,0,0,0,5,0,0,0,2,0,3,0,0
6,,257,alpha,yellow,0,0,6,0,0,0,0,1,0,0,0,1,0,0,0,0,0,0,5,0,4,0,0,0,0,0,2,0,0,0,1,0,11,0,0
6,,258,alpha,yellow,0,0,4,0,0,0,0,1,0,0,0,4,0,0,0,0,0,0,6,0,1,0,0,0,0,0,0,0,0,0,1,0,4,0,0
6,,259,alpha,red,0,0,6,0,0,0,0,6,0,0,0,0,0,0,0,0,0,0,4,0,0,0,0,0,0,0,2,0,0,0,0,0,5,0,0
6,,260,alpha,red,0,0,12,0,0,0,0,3,0,0,1,1,0,0,0,0,0,0,0,0,1,0,0,0,0,0,3,0,0,0,9,0,7,0,0
6,,261,alpha,green,0,0,12,0,0,0,0,12,0,0,0,1,0,0,0,0,0,0,0,0,0,0,0,0,0,0,3,0,0,0,2,0,7,0,0
6,,262,alpha,green,0,0,6,0,0,0,0,9,0,0,0,1,0,0,0,0,0,0,0,0,1,0,0,0,0,0,5,0,0,0,3,0,3,0,0
6,,263,alpha,grey,0,0,8,0,0,0,0,10,0,0,1,2,0,0,0,0,0,0,1,0,0,0,0,0,0,0,1,0,0,0,0,0,7,0,0
6,,264,alpha,grey,0,0,7,0,0,0,0,5,0,1,2,3,0,0,0,0,0,0,0,0,1,0,0,0,0,0,0,0,0,0,6,0,15,0,0
6,,265,alpha,yellow,0,0,4,0,0,0,0,12,0,0,2,2,0,0,0,0,0,0,0,0,0,0,0,0,0,0,2,0,0,0,0,0,16,0,0
6,,266,alpha,yellow,0,0,2,0,0,0,0,10,0,0,1,2,0,0,0,0,0,0,0,0,0,0,0,0,0,0,1,0,0,0,0,0,1,0,0
6,,267,alpha,red,0,0,16,0,0,0,0,6,0,0,0,5,0,0,0,0,0,0,0,0,1,0,0,0,0,0,0,0,0,0,0,0,11,1,0
6,,268,alpha,red,0,0,6,0,0,0,0,3,0,0,2,1,0,0,0,0,0,0,0,0,0,0,0,0,0,0,0,0,0,0,2,0,12,0,0
6,,269,alpha,green,0,0,18,0,0,0,0,6,0,0,1,3,0,0,0,0,0,0,2,0,1,0,0,0,0,0,1,0,0,0,3,0,19,0,0
6,,270,alpha,green,0,0,8,0,0,0,0,0,0,0,0,0,0,0,0,0,0,0,0,0,1,0,0,0,0,0,0,0,0,0,1,0,7,0,0
6,,271,alpha,grey,0,0,6,0,0,0,0,13,0,0,0,2,0,0,0,0,0,0,0,0,1,0,0,0,0,0,1,0,0,0,0,0,20,5,0
6,,272,alpha,grey,0,0,18,0,0,0,0,11,0,0,0,0,0,0,0,0,0,0,0,0,0,0,0,1,0,0,0,0,0,0,0,0,14,3,0
6,,273,alpha,yellow,0,0,14,0,0,0,0,10,0,0,2,1,0,0,0,0,0,0,0,0,0,0,0,0,0,0,0,0,0,0,2,0,7,0,0
6,,274,alpha,yellow,0,0,16,0,0,0,0,3,0,1,2,1,0,0,0,0,0,0,0,0,0,0,0,0,0,0,1,0,0,0,1,0,17,0,0
6,,275,alpha,red,0,0,20,0,0,0,0,7,0,0,0,1,0,0,0,0,0,0,0,0,0,0,0,0,0,0,0,0,0,0,1,0,13,0,0
6,,276,alpha,green,0,0,18,0,0,0,0,4,0,1,1,13,0,0,0,0,0,0,0,0,1,0,0,0,0,0,5,0,0,0,0,0,22,0,0
6,,277,alpha,green,0,0,20,0,0,0,0,3,0,0,0,3,0,0,0,0,0,0,0,0,0,0,0,0,0,0,2,0,0,0,3,0,9,0,0
6,,278,alpha,green,0,0,14,0,0,0,0,12,0,0,4,10,0,0,0,0,2,0,0,0,2,0,0,0,0,0,4,0,0,0,0,0,6,0,0
6,,279,alpha,grey,0,0,20,0,0,0,0,1,0,0,1,4,0,0,0,0,0,0,0,0,2,0,0,0,0,0,4,0,0,0,7,0,15,0,0
6,,280,alpha,grey,0,0,14,0,0,0,0,6,0,0,1,1,0,0,0,0,1,0,0,0,3,0,0,0,0,0,2,0,0,0,5,0,11,0,0
6,,281,alpha,yellow,0,0,18,0,0,0,0,0,0,0,1,3,0,0,0,0,2,0,0,0,7,0,0,0,0,0,6,0,0,0,9,0,20,0,0
6,,282,alpha,yellow,0,0,30,0,0,0,0,3,0,0,0,0,0,0,0,0,0,0,0,0,0,0,0,0,0,0,5,0,0,0,4,0,25,0,0
6,,283,alpha,red,0,0,22,0,0,0,0,4,0,0,1,0,0,0,0,0,0,0,0,0,1,0,0,0,0,0,6,0,0,0,3,0,7,0,0
6,,284,alpha,red,0,0,48,0,0,0,0,0,1,0,1,0,0,0,0,0,1,0,1,0,3,0,0,0,0,0,6,0,0,0,4,0,8,0,0
6,,285,alpha,green,0,0,30,0,0,1,0,0,0,2,0,0,0,0,0,0,0,0,0,0,3,0,0,0,0,0,0,0,0,0,14,0,6,0,0
6,,286,alpha,green,0,0,40,0,0,1,0,1,0,0,0,1,0,0,0,0,1,0,0,0,2,0,0,0,0,0,3,0,0,0,0,0,12,0,0
6,,287,alpha,grey,0,0,36,0,0,0,0,2,0,0,1,0,0,0,0,0,0,0,0,0,2,0,0,0,0,0,2,0,0,0,0,0,10,0,0
6,,288,alpha,grey,0,0,66,0,0,0,0,0,0,0,0,0,0,0,0,0,0,0,0,0,1,0,0,0,0,0,0,0,0,0,0,0,2,0,0
6,,289,alpha,yellow,0,0,38,0,0,1,0,0,0,0,2,2,0,0,0,0,0,0,0,0,0,0,0,0,0,0,2,0,0,0,2,0,10,0,0
6,,290,alpha,yellow,0,0,34,0,0,3,0,6,0,0,0,4,0,0,0,0,0,0,1,0,0,0,0,0,0,0,1,0,0,0,1,0,8,0,0
6,,291,alpha,red,0,0,24,0,0,0,0,3,0,0,0,1,0,0,0,0,0,0,0,0,6,0,0,0,0,0,3,0,0,0,2,0,9,0,0
6,,292,alpha,red,0,0,40,0,0,1,0,5,0,0,0,0,0,0,0,0,0,0,0,0,4,0,0,0,0,0,3,0,0,0,0,0,7,0,0
6,,293,alpha,green,0,0,20,0,0,1,0,12,0,0,1,1,0,0,0,0,0,0,0,0,5,0,0,0,0,0,5,0,0,0,6,0,5,0,0
6,,294,alpha,green,0,0,1,0,0,0,0,4,0,0,0,3,0,0,0,0,0,0,0,0,0,0,0,0,0,0,6,0,0,0,1,0,15,0,0
6,,295,alpha,green,0,0,38,0,0,1,0,1,0,0,0,0,0,0,0,0,0,0,0,0,1,0,0,0,0,0,9,0,0,0,1,0,13,0,0
6,,296,alpha,grey,0,0,26,0,0,0,0,2,0,0,3,2,0,0,0,0,0,0,0,0,3,0,0,0,0,0,2,0,0,0,1,0,10,0,0
6,,297,alpha,grey,0,0,34,0,0,1,0,3,0,0,0,3,0,0,0,0,2,0,0,0,1,0,0,0,0,0,3,0,0,0,0,0,3,0,0
6,,298,alpha,yellow,0,0,46,0,0,1,0,0,0,0,1,2,0,0,0,0,1,0,0,0,3,0,0,0,0,0,4,0,0,0,0,0,11,0,0
6,,299,alpha,yellow,0,0,44,0,0,0,0,5,0,0,1,1,0,0,0,0,0,0,0,0,2,0,0,0,0,0,7,0,0,0,0,0,10,0,0
6,,300,alpha,red,1,0,24,0,0,0,0,3,0,0,3,2,0,0,0,0,0,0,0,0,1,0,0,0,0,0,1,0,0,0,0,0,12,0,0
6,,301,alpha,red,0,0,24,0,0,3,0,3,0,0,0,2,0,0,0,0,0,0,0,0,0,0,0,0,0,0,6,0,0,0,0,0,11,0,0
6,,302,alpha,green,0,0,58,0,0,0,0,0,0,1,2,0,0,0,0,0,0,0,0,0,0,0,0,0,0,0,1,0,0,0,0,0,8,0,0
6,,303,alpha,green,0,0,22,0,0,1,0,2,0,0,0,6,0,0,0,0,0,0,0,2,1,0,0,0,0,0,2,0,0,0,0,0,3,0,0
6,,304,alpha,grey,0,0,36,0,0,0,0,3,0,0,1,0,0,0,0,0,0,0,0,0,3,0,0,0,0,0,2,0,0,0,1,0,23,0,0
6,,305,alpha,grey,0,0,20,0,0,0,0,7,0,0,2,8,0,0,0,0,0,0,2,0,1,0,0,0,0,0,3,0,0,0,0,0,14,0,0
6,,306,alpha,yellow,0,0,16,0,0,0,0,3,0,0,1,1,0,0,0,0,0,0,0,0,0,0,0,0,0,0,0,0,0,0,0,0,19,0,0
6,,307,alpha,yellow,0,0,50,0,0,1,0,5,0,0,0,4,0,0,0,0,0,0,0,0,0,0,0,0,0,0,2,0,0,0,0,0,13,0,0
6,,308,alpha,red,0,0,60,0,0,0,0,4,0,0,0,2,0,0,0,0,0,0,0,0,0,0,0,0,0,0,2,0,0,0,0,0,12,0,0
6,,309,alpha,red,0,0,36,0,0,1,0,0,0,0,0,5,0,0,0,0,0,0,0,0,0,0,0,0,0,0,1,0,0,0,0,0,13,0,0
6,,310,alpha,green,0,0,81,0,0,0,0,2,0,0,0,4,0,0,0,0,1,0,0,0,0,0,0,0,0,0,3,0,0,0,0,0,17,0,0
6,,311,alpha,green,0,0,56,0,0,0,0,7,0,0,1,2,0,0,0,0,0,0,0,0,0,0,0,0,0,0,1,0,0,0,0,0,18,0,0
6,,312,alpha,red,0,0,34,0,0,0,0,19,0,0,0,0,0,0,0,0,2,0,0,0,0,0,0,0,0,0,1,0,0,0,0,0,10,0,0
6,,313,alpha,red,0,0,38,0,0,0,0,2,0,2,0,3,0,0,0,0,0,0,0,0,0,0,0,0,0,0,0,0,1,0,0,0,13,0,0
6,,314,alpha,green,0,0,26,0,0,0,0,13,0,0,0,1,0,0,0,0,0,0,0,0,1,0,0,1,0,0,3,0,0,0,0,0,13,0,0
6,,315,alpha,green,0,0,38,0,0,0,0,5,0,0,0,3,0,0,0,0,0,0,0,0,1,0,0,0,0,0,0,0,0,0,0,0,9,0,0
6,,316,alpha,grey,0,0,18,0,0,2,0,8,0,0,1,0,0,0,0,0,0,0,0,0,0,0,0,0,0,0,2,0,0,0,0,0,16,0,0
6,,317,alpha,grey,0,0,22,0,0,0,0,5,0,0,0,2,0,0,0,0,0,0,0,0,0,0,0,0,0,0,2,0,0,0,0,0,11,0,0
6,,318,alpha,yellow,0,0,2,0,0,0,0,10,0,0,0,3,0,0,0,0,0,0,3,0,4,0,0,0,0,0,2,0,0,0,0,0,3,0,0
6,,319,alpha,yellow,0,0,5,0,0,0,0,9,0,0,0,3,0,0,0,0,0,0,1,0,6,0,0,0,0,0,1,0,0,0,0,0,0,0,0
6,,320,alpha,yellow,0,0,5,0,0,0,0,9,0,1,0,2,0,0,0,0,0,0,0,0,1,0,0,0,0,0,1,0,0,0,0,0,0,0,0
6,,321,alpha,red,0,0,14,0,0,0,0,6,0,0,2,2,0,0,0,0,0,0,1,0,5,0,0,0,0,0,0,0,0,0,0,0,1,0,0
6,,322,alpha,red,0,0,26,0,0,0,0,6,0,0,0,2,0,0,0,0,0,0,2,0,2,0,0,0,0,0,2,0,0,0,0,0,5,0,0
6,,323,alpha,red,0,0,19,0,0,0,0,6,0,2,0,0,0,0,0,0,0,0,2,0,3,0,0,0,0,0,0,0,0,0,0,0,0,0,0
6,,324,alpha,green,0,0,20,0,0,1,0,16,0,0,0,4,0,0,0,1,0,0,1,0,0,0,0,0,0,0,2,0,0,0,1,0,0,0,0
6,,325,alpha,green,0,0,11,0,0,0,0,21,0,0,0,3,0,0,0,0,0,0,0,0,1,0,0,0,0,0,4,0,0,0,0,0,0,0,0
6,missing some values,326,alpha,green,NA,NA,NA,NA,NA,NA,NA,NA,NA,NA,NA,NA,NA,NA,NA,NA,NA,NA,NA,NA,NA,NA,NA,NA,NA,NA,NA,NA,NA,NA,NA,NA,NA,NA,NA
6,,327,alpha,yellow,0,0,44,0,0,0,0,9,0,0,0,0,0,0,0,0,0,0,0,0,0,0,0,0,0,0,0,0,0,0,0,0,7,0,0
6,,328,alpha,yellow,0,0,72,0,0,0,0,6,0,0,0,2,0,0,0,0,0,0,0,0,0,0,0,0,0,0,0,0,0,0,0,0,7,0,0
6,,329,alpha,red,0,0,30,0,0,0,0,21,0,0,0,2,0,0,0,0,0,0,0,0,0,0,0,0,0,0,0,0,0,0,0,0,6,0,0
6,,330,alpha,red,0,0,54,0,0,0,0,11,0,0,0,1,0,0,0,0,0,0,0,0,0,0,0,0,0,0,4,0,0,0,0,0,16,0,0
6,,331,alpha,green,0,0,32,0,0,0,0,4,0,0,0,3,0,0,0,0,0,0,0,0,0,0,0,0,0,0,1,0,0,0,0,0,5,0,0
6,,332,alpha,green,0,0,34,0,0,1,0,4,0,0,0,3,0,0,0,0,0,0,5,0,0,0,0,0,0,0,3,0,0,0,0,0,10,0,0
6,,333,alpha,grey,0,1,22,0,0,0,0,18,0,0,0,11,0,0,0,1,0,0,0,0,0,0,0,0,0,0,1,0,0,0,2,0,6,0,0
6,missing some values,334,alpha,red,NA,NA,NA,NA,NA,NA,NA,NA,NA,NA,NA,NA,NA,NA,NA,NA,NA,NA,NA,NA,NA,NA,NA,NA,NA,NA,NA,NA,NA,NA,NA,NA,NA,NA,NA
6,,335,alpha,yellow,0,0,28,0,0,1,0,7,0,0,0,5,0,0,0,0,0,0,0,0,0,0,0,0,0,0,0,0,0,0,0,0,17,0,0
6,,336,alpha,yellow,0,0,32,0,0,0,0,5,0,0,0,4,0,0,0,0,0,0,0,0,0,0,0,0,0,0,2,0,0,0,0,0,6,0,0
6,,337,alpha,red,0,0,22,0,0,0,0,22,0,0,1,2,0,0,0,0,0,0,0,0,2,0,0,0,0,0,0,0,0,0,0,0,20,0,0
6,,338,alpha,red,0,0,24,0,0,0,0,13,0,0,0,10,0,0,0,0,0,0,1,0,0,0,0,1,0,0,1,0,0,0,0,0,17,0,0
6,,339,alpha,green,0,0,46,0,0,0,0,3,0,0,0,1,0,0,0,0,0,0,1,0,1,0,0,4,0,0,3,0,0,0,0,0,50,0,0
6,,340,alpha,green,0,0,22,0,0,0,0,6,0,0,0,4,0,0,0,0,0,0,0,0,1,0,0,0,0,0,1,0,0,0,0,0,16,0,0
6,,341,alpha,grey,0,0,24,0,0,0,0,0,0,0,0,2,0,0,0,0,0,0,0,0,0,0,0,0,0,0,1,0,0,0,0,0,27,0,0
6,,342,alpha,grey,0,0,22,0,0,0,0,12,0,0,1,3,0,0,0,0,0,0,0,0,0,0,0,0,0,0,3,0,0,0,0,0,17,0,0
6,,343,alpha,yellow,0,0,9,0,0,1,0,3,0,0,0,2,0,0,0,0,0,0,3,0,0,0,0,0,0,0,2,0,0,0,0,0,17,0,0
6,,344,alpha,yellow,0,0,14,0,0,0,0,13,0,0,0,3,0,0,0,0,0,0,2,0,1,0,0,0,0,0,0,0,1,0,0,0,15,0,0
6,,345,alpha,green,0,0,30,0,0,0,0,5,0,0,0,5,0,0,0,0,0,0,3,0,0,0,0,0,0,0,4,0,0,0,0,0,23,0,0
6,,346,alpha,grey,0,0,22,0,0,0,0,2,0,0,0,6,0,0,0,1,0,0,2,0,1,0,0,0,0,0,9,0,0,0,0,0,4,0,0
6,,347,alpha,grey,0,1,41,0,0,1,0,6,0,0,0,4,0,0,0,0,0,1,3,0,4,0,0,0,0,0,6,0,0,0,0,0,9,0,0
6,,348,alpha,grey,0,1,64,0,0,0,0,0,0,0,1,13,0,0,0,0,0,0,0,0,0,0,0,0,0,0,9,0,0,0,0,0,10,0,0
6,,349,alpha,yellow,0,1,32,0,0,0,0,12,0,1,0,5,0,0,0,1,0,0,0,0,0,0,0,0,0,0,4,0,0,0,0,0,7,0,0
6,,350,alpha,yellow,0,1,70,0,0,0,0,0,0,0,0,8,0,0,0,0,0,1,1,0,2,0,0,0,0,0,6,0,0,0,0,0,10,0,0
6,missing some values,351,alpha,red,NA,NA,NA,NA,NA,NA,NA,NA,NA,NA,NA,NA,NA,NA,NA,NA,NA,NA,NA,NA,NA,NA,NA,NA,NA,NA,NA,NA,NA,NA,NA,NA,NA,NA,NA
6,missing some values,352,alpha,red,NA,NA,NA,NA,NA,NA,NA,NA,NA,NA,NA,NA,NA,NA,NA,NA,NA,NA,NA,NA,NA,NA,NA,NA,NA,NA,NA,NA,NA,NA,NA,NA,NA,NA,NA
6,missing some values,353,alpha,red,NA,NA,NA,NA,NA,NA,NA,NA,NA,NA,NA,NA,NA,NA,NA,NA,NA,NA,NA,NA,NA,NA,NA,NA,NA,NA,NA,NA,NA,NA,NA,NA,NA,NA,NA
6,missing some values,354,alpha,yellow,NA,NA,NA,NA,NA,NA,NA,NA,NA,NA,NA,NA,NA,NA,NA,NA,NA,NA,NA,NA,NA,NA,NA,NA,NA,NA,NA,NA,NA,NA,NA,NA,NA,NA,NA
6,,355,alpha,red,0,0,32,0,0,2,0,0,0,0,0,6,0,0,0,0,0,0,2,0,1,0,0,0,0,0,5,0,0,0,0,1,4,0,0
6,,356,alpha,green,0,0,14,0,0,0,0,0,0,0,0,5,0,0,0,0,0,0,0,0,1,0,0,0,0,0,3,0,0,0,0,0,8,0,0
6,,357,alpha,green,0,1,15,0,0,0,0,0,0,0,0,2,0,0,0,2,0,0,2,0,0,0,0,0,0,0,8,0,0,0,0,0,12,0,0
6,,358,alpha,yellow,0,0,26,0,0,0,0,0,0,0,0,1,0,0,0,0,0,0,0,0,3,0,0,0,0,0,3,0,0,0,0,0,7,0,0
6,,359,alpha,yellow,0,0,6,0,0,0,0,1,0,0,1,5,0,0,0,0,0,0,0,0,1,0,0,0,0,0,3,0,0,0,0,0,9,0,0
6,,360,alpha,red,0,0,32,0,0,0,0,0,0,0,0,3,0,0,0,0,0,0,5,0,0,0,0,0,0,0,4,0,0,0,0,0,15,0,0
6,,361,alpha,red,0,0,18,0,0,1,0,1,0,0,0,3,0,0,0,0,0,0,0,0,2,0,0,0,0,0,11,0,0,0,0,0,18,0,0
6,,362,alpha,green,0,0,61,0,0,0,0,0,0,0,0,8,0,0,0,0,0,0,0,0,1,0,0,0,0,0,7,0,0,0,0,0,20,0,0
6,,363,alpha,green,0,0,32,0,0,0,0,1,0,0,0,3,0,0,0,0,0,0,0,0,1,0,0,0,0,0,9,0,0,0,0,0,29,0,0
6,,364,alpha,grey,0,0,24,0,0,0,0,0,0,0,0,1,0,0,0,0,0,0,0,0,0,0,0,0,0,0,3,0,0,0,0,0,23,0,0
6,,365,alpha,grey,NA,NA,NA,NA,NA,NA,NA,NA,NA,NA,NA,NA,NA,NA,NA,NA,NA,NA,NA,NA,NA,NA,NA,NA,NA,NA,NA,NA,NA,NA,NA,NA,NA,NA,NA
6,,366,alpha,yellow,0,0,58,0,0,0,0,0,0,0,0,2,0,0,0,0,0,0,0,0,0,0,0,0,0,0,6,0,0,0,0,0,20,0,0
6,,367,alpha,yellow,0,0,24,0,0,0,0,1,0,0,1,4,0,0,0,0,0,0,0,0,1,0,0,0,0,0,3,0,0,0,0,0,27,0,0
6,,368,alpha,red,0,0,20,0,0,0,0,0,0,0,1,4,0,0,0,0,0,0,0,0,1,0,0,0,0,0,4,0,0,0,0,0,16,0,0
6,,369,alpha,red,0,0,32,0,0,0,0,0,0,0,1,3,0,0,0,0,0,0,0,0,3,0,0,0,0,0,2,0,0,0,0,0,15,0,0
6,,370,alpha,green,0,0,34,0,0,0,0,0,0,0,0,7,0,0,0,0,0,0,1,0,0,0,0,0,0,0,3,0,0,0,0,0,18,0,0
6,,371,alpha,green,0,0,36,0,0,0,0,0,0,0,0,2,0,0,0,0,0,0,0,0,1,0,0,0,0,0,1,0,0,0,0,0,21,0,0
6,,372,alpha,grey,0,0,36,0,0,0,0,0,0,0,0,2,0,0,0,0,0,0,0,0,0,0,0,0,0,0,1,0,0,0,0,0,20,0,0
6,,373,alpha,grey,0,0,24,0,0,0,0,0,0,0,0,5,0,0,0,0,0,0,1,0,0,0,0,0,0,0,0,0,0,0,0,0,15,0,0
6,,374,alpha,yellow,0,0,30,0,0,0,0,0,0,0,2,1,0,0,0,1,0,0,0,0,0,0,0,0,0,0,1,0,0,0,0,0,27,0,0
6,,375,alpha,yellow,0,0,16,0,0,0,0,0,0,0,1,3,0,0,0,0,0,0,0,0,0,0,0,0,0,0,2,0,0,0,0,0,14,0,0
6,,376,alpha,red,0,0,30,0,0,0,0,0,0,0,0,2,0,0,0,0,0,0,1,0,3,0,0,0,0,0,3,0,0,0,0,0,15,0,0
6,,377,alpha,red,0,0,48,0,0,0,0,1,0,0,0,4,0,0,0,0,0,0,0,0,3,0,0,0,0,0,4,0,0,0,0,0,25,0,0
6,,378,alpha,green,0,0,54,0,0,0,0,4,0,0,0,3,0,0,0,0,0,0,6,0,0,0,0,0,0,0,4,0,0,0,0,0,19,0,0
6,,379,alpha,green,0,0,40,0,0,0,0,0,0,0,0,3,0,0,0,0,0,0,0,0,1,0,0,0,0,0,1,0,0,0,0,0,0,0,0
6,,380,alpha,grey,0,0,48,0,0,0,0,2,0,0,1,4,0,0,0,0,0,0,1,0,0,0,0,0,0,0,2,0,0,0,0,0,13,0,0
6,,381,alpha,grey,0,0,30,0,0,0,0,4,0,0,1,7,0,0,0,0,0,0,0,0,0,0,0,0,0,0,4,0,0,0,0,0,14,0,0
6,,382,alpha,yellow,0,0,24,0,0,0,0,7,0,0,0,3,0,0,0,0,0,0,0,0,1,0,0,0,0,0,1,0,0,0,0,1,7,0,0
6,,383,alpha,grey,0,0,35,0,0,0,0,5,0,0,0,1,0,0,0,0,0,0,2,0,1,0,0,0,0,0,1,0,0,0,0,0,7,0,0
6,,384,alpha,grey,0,0,32,0,0,0,0,10,0,0,0,2,0,0,0,0,0,0,0,0,0,0,0,0,0,0,0,0,0,0,0,0,12,0,0
6,,385,alpha,grey,0,0,0,0,0,0,0,4,0,0,0,1,0,0,0,0,0,0,0,0,0,0,0,0,0,0,4,0,0,0,1,1,21,0,0
6,,386,alpha,green,0,0,19,0,0,0,0,20,0,0,1,5,0,0,0,0,0,0,0,0,1,0,0,0,0,0,2,0,0,0,0,0,3,0,0
6,,387,alpha,green,0,0,12,0,0,0,0,12,0,0,0,4,0,0,0,0,0,0,0,0,0,0,0,0,0,0,0,0,0,1,0,0,2,0,0
6,,388,alpha,green,0,2,35,0,0,0,0,5,0,0,0,4,0,0,0,0,0,0,0,0,2,0,0,0,0,0,0,0,1,0,0,0,21,0,0
6,,389,alpha,red,0,0,22,0,0,0,0,3,0,0,1,3,0,0,0,0,0,0,1,0,1,0,0,0,0,0,2,0,0,0,0,0,4,0,0
6,,390,alpha,red,0,0,8,0,0,0,0,4,0,0,0,5,0,0,0,0,0,0,0,0,1,0,0,0,0,0,4,0,0,0,0,0,0,0,0
6,,391,alpha,green,0,0,16,0,0,0,0,1,0,0,0,1,0,0,0,0,0,0,0,0,1,0,0,0,0,0,2,0,1,0,0,0,24,0,0
6,,392,alpha,yellow,0,0,19,0,0,0,0,9,0,0,1,2,0,0,0,0,0,0,3,0,0,0,0,0,0,0,3,0,0,0,0,0,9,0,0
6,,393,alpha,grey,0,1,6,0,0,0,0,3,0,0,0,0,0,0,0,0,0,0,3,0,0,0,0,1,0,0,3,0,0,0,0,0,11,0,0
6,,394,alpha,grey,0,0,26,0,0,0,0,1,0,0,0,4,0,0,0,0,0,0,0,0,0,0,0,0,0,0,5,0,0,0,0,0,16,0,0
6,,395,alpha,green,0,1,10,0,0,0,0,3,0,0,1,2,0,0,0,0,0,0,4,0,1,0,0,0,0,0,5,0,0,0,0,0,10,0,0
6,,396,alpha,green,0,0,13,0,0,0,0,8,0,0,0,3,0,0,0,0,0,0,0,0,0,0,0,0,0,0,7,0,0,0,0,0,4,0,0
6,,397,alpha,red,0,0,5,0,0,0,0,3,0,0,0,0,0,0,0,0,0,0,4,0,0,0,0,0,0,0,0,0,0,0,0,0,0,0,0
6,,398,alpha,yellow,0,0,7,0,0,0,0,1,0,0,0,2,0,0,0,0,0,0,0,0,1,0,0,0,0,0,4,0,0,0,0,0,17,0,0
6,,399,alpha,yellow,0,0,19,0,0,0,0,0,0,0,0,0,0,0,0,0,0,0,2,0,1,0,0,0,0,0,5,0,0,0,0,0,8,0,0
6,,400,alpha,grey,0,0,13,0,0,0,0,0,0,0,0,0,0,0,0,0,0,0,0,0,0,0,0,1,0,0,4,0,0,0,0,0,9,0,0
6,,401,alpha,grey,0,0,27,0,0,0,0,0,0,0,2,0,0,0,0,0,0,0,0,0,0,0,0,0,0,0,3,0,0,0,0,0,37,0,0
6,,402,alpha,green,0,0,17,0,0,0,0,1,0,0,3,3,0,0,0,0,0,0,0,0,0,0,0,0,0,0,5,0,0,0,0,0,36,0,0
6,,403,alpha,green,0,0,22,0,0,0,0,0,0,0,1,4,0,0,0,0,0,0,0,0,0,0,0,0,0,0,4,0,0,0,0,0,18,0,0
6,,404,alpha,red,0,0,16,0,0,0,0,0,0,0,0,4,0,0,0,0,0,0,0,0,0,0,0,0,0,0,2,0,0,0,0,0,11,0,0
6,,405,alpha,red,0,0,9,0,0,0,0,0,0,0,0,1,0,0,0,0,0,0,0,0,2,1,0,0,0,0,2,0,0,0,0,0,15,0,0
6,,406,alpha,yellow,0,0,21,0,0,0,0,1,0,0,0,7,0,0,0,0,0,0,0,0,0,0,0,0,0,0,8,0,0,0,0,0,20,0,0
6,,407,alpha,yellow,0,0,32,0,0,0,0,0,0,0,0,2,2,0,0,0,0,0,0,0,0,0,0,0,0,0,0,0,0,0,0,0,13,0,0
6,,408,alpha,grey,0,0,52,0,0,0,0,0,0,0,0,1,0,0,0,0,0,0,0,0,0,0,0,0,0,0,5,1,0,0,0,0,12,0,0
6,,409,alpha,grey,0,0,23,0,0,0,0,0,0,0,2,4,0,0,0,0,0,0,3,0,0,0,0,0,0,0,3,0,0,0,0,0,30,0,0
6,,410,alpha,green,0,0,16,0,0,0,0,1,0,0,0,0,0,0,0,0,1,0,0,0,0,0,0,0,0,0,5,0,0,0,0,0,12,0,0
6,,411,alpha,green,0,0,18,0,0,0,0,0,0,0,2,3,0,0,0,0,2,0,0,0,0,0,0,0,0,0,10,0,0,0,0,0,23,0,0
6,,412,alpha,red,0,0,10,0,0,0,0,0,0,0,0,2,0,0,0,0,0,0,0,0,0,0,0,0,0,0,7,0,0,0,0,0,22,1,0
6,,413,alpha,red,0,0,13,0,0,0,0,2,0,0,0,3,0,0,0,0,0,0,0,0,1,0,0,0,0,0,0,0,0,0,0,0,7,0,0
6,,414,alpha,yellow,0,0,5,0,0,0,0,0,0,0,0,2,0,0,0,0,0,0,2,0,1,0,0,0,0,0,0,0,0,0,0,0,4,0,0
6,,415,alpha,grey,0,0,23,0,0,0,0,0,0,0,0,4,0,0,0,0,0,0,0,0,0,0,0,0,0,0,7,0,0,0,0,0,21,0,0
6,,416,alpha,grey,0,0,14,0,0,0,0,0,0,0,0,9,0,0,0,0,0,0,1,0,0,0,0,0,0,0,9,0,0,0,0,0,5,0,0
6,,417,alpha,green,0,0,30,0,0,1,0,0,0,0,0,1,0,0,0,0,0,1,1,0,0,0,0,0,0,0,4,0,0,0,0,0,4,0,0
6,,418,alpha,grey,0,0,36,0,0,1,0,2,0,0,1,10,0,0,0,0,0,0,7,0,1,0,0,0,0,0,12,0,0,0,0,0,5,0,0
6,,419,alpha,green,0,0,13,0,0,0,0,0,0,0,0,1,0,0,0,0,0,0,3,0,2,0,0,0,0,0,5,0,0,0,0,0,6,0,0
6,,420,alpha,green,0,0,23,0,0,0,0,12,0,0,0,5,0,0,0,0,0,0,1,0,0,0,0,0,0,0,5,0,0,0,0,0,13,0,0
6,,421,alpha,red,0,0,56,0,0,0,0,0,0,0,0,3,0,0,0,0,0,0,2,0,0,0,0,0,0,0,7,0,0,0,0,0,13,0,0
6,,422,alpha,red,0,0,66,0,0,0,0,7,0,1,0,1,0,0,0,0,0,0,2,0,0,0,0,0,0,0,14,0,0,0,0,0,9,0,0
6,,423,alpha,yellow,0,1,40,0,0,0,0,6,0,0,0,1,0,0,0,0,0,0,2,0,0,0,0,0,0,0,5,0,0,0,0,0,8,0,0
6,,424,alpha,yellow,0,0,48,0,0,0,0,3,0,1,0,0,0,0,0,0,0,0,1,0,1,0,0,1,0,0,0,0,1,0,0,0,5,0,0
6,,425,alpha,grey,0,0,8,0,0,0,0,9,0,0,0,3,0,0,0,0,0,0,0,0,2,0,0,0,0,0,6,0,0,0,0,0,16,0,0
6,,426,alpha,grey,0,0,44,0,0,0,0,0,0,0,0,3,0,0,0,0,0,0,0,0,1,0,0,0,0,0,0,0,0,0,0,0,38,0,0
6,,427,alpha,green,0,0,5,0,0,0,0,4,0,0,0,3,0,0,0,0,0,0,2,0,1,0,0,0,0,0,2,0,0,0,0,0,34,0,0
6,,428,alpha,green,0,0,12,0,0,0,0,3,0,0,0,5,0,0,0,0,0,0,0,0,0,0,0,1,0,0,5,0,0,0,0,0,27,0,0
6,,429,alpha,red,0,0,4,0,0,0,0,1,0,0,0,7,0,0,0,0,0,0,0,0,0,0,0,0,0,0,8,0,0,0,0,0,16,0,0
6,,430,alpha,red,0,0,5,0,0,0,0,0,0,0,0,4,0,0,0,0,0,0,1,0,1,0,0,0,0,0,7,0,0,0,0,0,19,0,0
6,,431,alpha,yellow,0,0,6,0,0,0,0,11,0,0,0,3,0,0,0,0,0,0,0,0,1,0,0,0,0,0,7,0,0,0,0,0,27,0,0
6,,432,alpha,yellow,0,0,13,0,0,0,0,1,0,0,1,2,0,0,0,0,0,0,0,0,0,0,0,0,0,0,3,0,0,0,0,0,25,0,0
6,,433,alpha,grey,0,0,1,0,0,0,0,1,0,0,0,0,0,0,0,0,0,0,0,0,2,0,0,0,0,0,3,0,0,0,0,0,10,0,0
6,,434,alpha,grey,0,0,6,0,0,0,0,6,0,0,0,1,0,0,0,0,0,0,0,0,0,0,0,0,0,0,6,0,0,0,0,0,7,0,0
6,,435,alpha,green,0,0,21,0,0,0,0,3,0,0,0,3,0,0,0,0,0,0,0,0,2,0,0,0,0,0,6,0,0,0,0,0,11,0,0
6,,436,alpha,green,0,0,34,0,0,0,0,3,0,0,0,2,0,0,0,0,0,0,0,0,0,0,0,0,0,0,4,0,0,0,0,0,12,0,0
6,,437,alpha,red,0,0,12,0,0,1,0,1,0,0,1,1,0,0,0,0,0,0,0,0,3,0,0,0,0,0,7,0,0,0,0,0,11,0,0
6,,438,alpha,red,0,0,12,0,0,0,0,1,0,0,0,1,0,0,0,0,0,0,0,0,3,0,0,0,0,0,8,1,1,0,0,0,2,0,0
6,,439,alpha,yellow,0,0,78,0,0,0,0,0,0,0,0,3,0,0,0,0,0,0,1,0,1,0,0,0,0,0,6,0,0,0,0,0,6,0,0
6,,440,alpha,yellow,0,0,46,0,0,0,0,3,0,0,1,3,0,0,0,0,0,0,0,0,2,0,0,0,0,0,5,1,0,0,0,0,2,0,0
6,,441,alpha,grey,0,0,9,0,0,1,0,0,0,0,0,2,0,0,0,0,0,0,0,0,3,0,0,0,0,0,3,0,0,0,0,0,16,0,0
6,,442,alpha,grey,0,0,50,0,0,0,0,4,0,0,1,3,0,0,0,1,0,0,0,0,0,0,0,0,0,0,4,0,0,0,0,0,7,0,0
6,,443,alpha,green,0,0,6,0,0,0,0,7,0,0,0,4,0,0,0,0,0,0,0,0,0,0,0,0,0,0,6,0,0,0,0,0,7,0,0
6,,444,alpha,green,0,0,6,0,0,0,0,1,0,0,0,1,0,0,0,7,0,0,0,1,2,0,0,0,0,0,5,0,0,0,0,0,6,0,0
6,,445,alpha,red,0,0,7,0,0,0,0,6,0,0,0,0,0,0,0,0,0,0,0,0,1,0,0,0,0,0,4,0,0,0,0,0,35,0,0
6,,446,alpha,red,0,0,12,0,0,0,0,2,0,0,0,0,0,0,0,0,0,0,0,0,1,0,0,0,0,0,4,0,0,0,0,0,15,0,0
6,,447,alpha,yellow,0,0,18,0,0,1,0,3,0,0,0,2,0,0,0,0,0,0,0,0,0,0,0,0,0,0,5,0,0,0,0,0,7,0,0
6,,448,alpha,yellow,0,0,27,0,0,1,0,0,0,0,0,2,0,0,0,0,0,0,1,0,0,0,0,1,0,0,2,0,0,0,0,0,4,0,0
6,,449,alpha,red,0,0,39,0,0,0,0,13,0,0,2,2,0,0,0,0,0,0,0,0,0,0,0,0,0,0,4,0,0,0,3,0,4,0,0
6,,450,alpha,red,0,0,5,0,0,0,0,1,0,0,0,10,0,0,0,0,0,0,0,0,1,0,0,0,0,0,6,0,0,0,0,0,8,0,0
6,,451,alpha,green,0,0,1,0,0,0,0,9,0,0,0,8,0,0,0,0,2,0,0,0,1,0,0,0,0,0,9,0,0,0,3,0,18,0,0
6,,452,alpha,green,0,0,3,0,0,1,0,4,0,0,0,2,0,0,0,0,0,0,3,0,1,0,0,0,0,0,2,0,0,0,0,0,30,0,0
6,,453,alpha,red,0,0,9,0,0,1,0,4,0,0,0,1,0,0,0,0,0,0,0,0,1,0,0,0,0,0,11,0,0,0,0,0,21,0,0
6,,454,alpha,red,0,0,7,0,0,0,0,2,0,0,0,1,0,0,0,0,0,0,0,0,1,0,0,0,0,0,3,0,0,0,0,0,28,0,0
6,,455,alpha,yellow,0,0,18,0,0,0,0,4,0,0,0,2,0,0,0,0,0,0,0,0,0,0,0,1,0,0,18,0,0,0,0,0,21,0,0
6,,456,alpha,yellow,0,0,0,0,0,0,0,1,0,0,0,2,0,0,0,0,0,0,0,0,2,0,0,1,0,0,5,0,0,0,0,0,27,0,0
6,,457,alpha,grey,0,0,0,0,0,0,0,12,0,0,0,1,0,0,0,0,0,0,0,0,0,0,0,0,0,0,1,0,0,0,0,0,8,0,0
6,,458,alpha,grey,0,0,4,0,0,0,0,3,0,0,0,3,0,0,0,0,0,0,2,0,1,0,0,1,0,0,4,0,0,0,0,0,28,0,0
6,,459,alpha,green,0,0,4,0,0,0,0,2,0,0,0,6,0,0,0,0,0,0,0,0,0,0,0,0,0,0,7,0,0,0,0,0,21,0,0
6,,460,alpha,green,0,0,6,0,0,0,0,0,0,0,0,1,0,0,0,0,0,0,0,0,2,0,0,1,0,0,6,0,0,0,0,0,18,0,0
6,,461,alpha,red,0,0,8,0,0,0,0,0,0,0,0,5,0,0,0,0,0,0,2,0,1,0,0,0,0,0,12,0,0,0,3,0,24,0,0
6,,462,alpha,red,0,0,12,0,0,0,0,9,0,0,2,1,0,0,0,0,2,0,0,0,0,0,0,0,0,0,10,0,0,0,4,0,17,0,0
6,,463,alpha,yellow,0,0,6,0,0,0,0,19,0,0,0,3,0,0,0,0,0,0,1,0,0,0,0,0,0,0,1,0,0,0,0,0,12,0,0
6,,464,alpha,yellow,0,0,25,0,0,0,0,4,0,0,0,1,0,0,0,0,0,0,0,0,0,0,0,0,0,0,10,0,0,0,1,0,8,0,0
6,,465,alpha,grey,1,0,15,0,0,0,0,6,0,0,0,2,0,0,0,0,0,0,0,0,0,0,0,0,0,0,10,0,0,0,0,0,10,0,0
6,,466,alpha,grey,0,0,42,0,0,0,0,1,0,1,2,1,0,0,0,0,0,0,0,0,0,0,0,0,0,0,6,0,0,0,1,0,5,0,0
6,,467,alpha,green,0,0,35,0,0,0,0,0,0,0,0,3,0,0,0,0,0,0,0,0,1,0,0,0,0,0,17,0,0,0,1,0,16,0,0
6,,468,alpha,green,0,0,28,0,0,0,0,1,0,0,2,3,0,0,0,0,0,0,0,0,0,0,0,0,0,0,14,0,0,0,0,0,22,0,0
6,,469,alpha,red,0,0,16,0,0,0,0,0,0,0,0,5,0,0,0,0,0,0,0,0,0,0,0,0,0,0,21,0,0,0,0,0,20,0,0
6,,470,alpha,yellow,0,0,4,0,0,0,0,4,0,0,0,5,0,0,0,0,0,0,0,0,0,0,0,0,0,0,7,0,0,0,5,0,16,0,0
6,,471,alpha,yellow,0,0,12,0,0,0,0,0,0,0,0,8,0,0,0,0,0,0,0,0,0,0,0,0,0,0,6,0,0,0,3,0,24,0,0
6,,472,alpha,grey,0,0,26,0,0,0,0,2,0,0,0,0,0,0,0,0,0,0,1,0,0,0,0,0,0,0,7,0,0,0,4,0,22,0,0
6,,473,alpha,grey,0,0,8,0,0,0,0,6,0,0,0,2,0,0,0,0,0,0,0,0,0,0,0,0,0,0,4,0,0,0,0,0,20,0,0
6,,474,alpha,green,0,0,34,0,0,0,0,4,0,0,0,2,0,0,0,0,0,0,0,0,1,0,0,0,0,0,15,0,0,0,0,0,13,0,0
6,,475,alpha,green,0,0,7,0,0,0,0,11,0,0,0,1,0,0,0,0,34,0,0,0,0,0,0,0,0,0,0,0,0,0,13,0,10,0,0
6,,476,alpha,red,0,0,3,0,0,0,0,8,0,0,1,1,0,0,0,0,0,0,0,0,1,0,0,0,0,0,6,0,0,0,0,0,10,0,0
6,,477,alpha,red,0,0,0,0,0,0,0,0,0,0,0,0,0,0,0,0,0,0,0,0,0,0,0,0,0,0,8,0,0,0,0,0,0,0,0
6,,478,alpha,yellow,0,0,6,0,0,0,0,3,0,0,0,2,0,0,0,0,0,0,0,0,0,0,0,0,0,0,8,0,0,0,1,0,25,0,0
6,,479,alpha,yellow,0,0,21,0,0,0,0,9,0,0,0,2,0,0,0,0,0,0,0,0,1,0,0,0,0,0,7,0,0,0,1,0,22,0,0
6,,480,alpha,grey,1,0,16,0,0,0,0,5,0,0,0,1,0,0,0,0,0,0,1,0,1,0,0,0,0,0,0,0,0,0,0,0,25,0,0
6,,481,alpha,green,0,2,4,0,0,0,0,1,0,0,0,13,0,0,0,0,1,0,2,0,0,0,0,0,0,0,3,0,0,0,0,1,3,0,0
6,,482,alpha,grey,0,0,11,0,0,0,0,3,0,0,0,0,0,0,0,0,0,0,12,0,1,0,0,1,0,0,4,0,0,0,0,0,1,0,0
6,,483,alpha,yellow,0,2,16,0,0,3,0,3,0,0,0,3,0,0,0,0,0,0,6,0,0,0,0,0,0,0,6,0,0,0,0,0,4,0,0
6,,484,alpha,red,0,0,14,0,0,6,0,7,0,0,0,1,0,0,0,0,0,0,9,0,0,0,0,0,0,0,3,0,0,0,0,0,2,0,0
6,,485,alpha,green,0,0,20,0,0,1,0,8,0,0,0,1,0,0,0,0,0,0,0,0,0,0,0,0,0,0,3,0,0,0,0,0,3,0,0
6,,486,alpha,grey,0,3,32,0,0,0,0,0,0,1,0,0,0,0,0,0,0,0,2,0,1,0,0,1,0,0,0,0,0,0,0,0,2,0,0
6,,487,alpha,grey,0,2,15,0,0,2,0,6,0,0,0,1,0,0,0,0,0,0,0,0,0,0,0,0,0,0,1,0,0,0,0,0,2,0,0
6,,488,alpha,grey,0,2,78,0,0,0,0,7,0,0,0,0,0,0,0,0,0,0,0,0,2,0,0,0,0,0,5,0,0,0,0,0,6,0,0
6,,489,alpha,yellow,0,0,6,0,0,0,0,0,0,0,0,3,0,0,0,0,0,0,2,0,0,0,0,0,0,0,5,0,0,0,0,0,9,0,0
6,,490,lambda,grey,0,0,5,0,0,0,0,0,0,0,0,1,0,0,0,0,0,0,0,0,0,0,0,0,0,0,1,0,0,0,0,0,1,0,0
6,,491,alpha,grey,0,2,28,0,0,3,0,5,0,0,0,1,0,0,0,0,0,0,2,0,2,0,0,1,0,0,13,0,0,0,1,0,7,0,0
